"variable","ins10","ins9.6","ins9.2","ins8.9","ins8.5","ins8.2","ins7.9","ins7.6","ins7.3","ins7","ins6.8","ins6.5","ins6.2","ins6","ins5.8","ins5.6","ins5.3","ins5.1","ins4.9","ins4.7","ins4.6","ins4.4","ins4.2","ins4.1","ins3.9","ins3.8","ins3.6","ins3.5","ins3.3","ins3.2","ins3.1","ins3","ins2.9","ins2.7","ins2.6","ins2.5","ins2.4","ins2.3","ins2.3.1","ins2.2","ins2.1","ins2","ins1.9","ins1.9.1","ins1.8","ins1.7","ins1.6","ins1.6.1","ins1.5","ins1.5.1","ins1.4","ins1.4.1","ins1.3","ins1.3.1","ins1.2","ins1.2.1","ins1.1","ins1.1.1","ins1","ins0.99","ins0.95","ins0.91","ins0.88","ins0.85","ins0.81","ins0.78","ins0.75","ins0.72","ins0.69","ins0.67","ins0.64","ins0.62","ins0.59","ins0.57","ins0.55","ins0.53","ins0.51","ins0.49","ins0.47","ins0.45","ins0.43","ins0.42","ins0.4","ins0.39","ins0.37","ins0.36","ins0.34","ins0.33","ins0.32","ins0.3","ins0.29","ins0.28","ins0.27","ins0.26","ins0.25","ins0.24","ins0.23","ins0.22","ins0.21","ins0.21.1","ins0.2","ins0.19","ins0.18","ins0.18.1","ins0.17","ins0.16","ins0.16.1","ins0.15","ins0.14","ins0.14.1","ins0.13","ins0.13.1","ins0.12","ins0.12.1","ins0.11","ins0.11.1","ins0.11.2","ins0.1","ins0.098","ins0.094","ins0.09","ins0.087","ins0.084","ins0.08","ins0.077","ins0.074","ins0.071","ins0.069","ins0.066","ins0.063","ins0.061","ins0.059","ins0.056","ins0.054","ins0.052","ins0.05","ins0.048","ins0.046","ins0.045","ins0.043","ins0.041","ins0.04","ins0.038","ins0.037","ins0.035","ins0.034","ins0.033","ins0.031","ins0.03","ins0.029","ins0.028","ins0.027","ins0.026","ins0.025","ins0.024","ins0.023","ins0.022","ins0.021","ins0.02","ins0.02.1","ins0.019","ins0.018","ins0.017","ins0.017.1","ins0.016","ins0.015","ins0.015.1","ins0.014","ins0.014.1","ins0.013","ins0.013.1","ins0.012","ins0.012.1","ins0.011","ins0.011.1","ins0.01","ins0.01.1","ins0.0097"
"IRm","7.062976e-02","7.310765e-02","7.565992e-02","7.828792e-02","8.099296e-02","8.377630e-02","8.663917e-02","8.958272e-02","9.260804e-02","9.571618e-02","9.890809e-02","1.021847e-01","1.055467e-01","1.089948e-01","1.125297e-01","1.161518e-01","1.198615e-01","1.236591e-01","1.275447e-01","1.315183e-01","1.355798e-01","1.397289e-01","1.439652e-01","1.482881e-01","1.526968e-01","1.571904e-01","1.617679e-01","1.664281e-01","1.711694e-01","1.759903e-01","1.808890e-01","1.858636e-01","1.909119e-01","1.960316e-01","2.012202e-01","2.064751e-01","2.117934e-01","2.171721e-01","2.226081e-01","2.280979e-01","2.336382e-01","2.392254e-01","2.448556e-01","2.505250e-01","2.562296e-01","2.619653e-01","2.677280e-01","2.735134e-01","2.793171e-01","2.851347e-01","2.909619e-01","2.967941e-01","3.026269e-01","3.084558e-01","3.142763e-01","3.200840e-01","3.258746e-01","3.316435e-01","3.373867e-01","3.430998e-01","3.487788e-01","3.544196e-01","3.600184e-01","3.655713e-01","3.710747e-01","3.765252e-01","3.819193e-01","3.872539e-01","3.925259e-01","3.977324e-01","4.028707e-01","4.079384e-01","4.129330e-01","4.178524e-01","4.226946e-01","4.274577e-01","4.321401e-01","4.367404e-01","4.412573e-01","4.456896e-01","4.500364e-01","4.542969e-01","4.584705e-01","4.625568e-01","4.665553e-01","4.704660e-01","4.742889e-01","4.780239e-01","4.816714e-01","4.852316e-01","4.887051e-01","4.920925e-01","4.953943e-01","4.986113e-01","5.017445e-01","5.047947e-01","5.077630e-01","5.106504e-01","5.134580e-01","5.161871e-01","5.188388e-01","5.214146e-01","5.239157e-01","5.263435e-01","5.286993e-01","5.309846e-01","5.332009e-01","5.353496e-01","5.374322e-01","5.394501e-01","5.414049e-01","5.432979e-01","5.451308e-01","5.469050e-01","5.486219e-01","5.502831e-01","5.518900e-01","5.534441e-01","5.549466e-01","5.563992e-01","5.578032e-01","5.591599e-01","5.604707e-01","5.617369e-01","5.629599e-01","5.641409e-01","5.652813e-01","5.663821e-01","5.674447e-01","5.684702e-01","5.694598e-01","5.704146e-01","5.713357e-01","5.722242e-01","5.730812e-01","5.739077e-01","5.747046e-01","5.754730e-01","5.762138e-01","5.769279e-01","5.776162e-01","5.782796e-01","5.789189e-01","5.795350e-01","5.801286e-01","5.807006e-01","5.812516e-01","5.817824e-01","5.822938e-01","5.827863e-01","5.832606e-01","5.837175e-01","5.841575e-01","5.845811e-01","5.849891e-01","5.853819e-01","5.857601e-01","5.861242e-01","5.864747e-01","5.868122e-01","5.871370e-01","5.874497e-01","5.877507e-01","5.880403e-01","5.883192e-01","5.885875e-01","5.888458e-01","5.890943e-01","5.893335e-01","5.895636e-01","5.897851e-01","5.899982e-01","5.902033e-01","5.904006e-01","5.905905e-01","5.907731e-01","5.909489e-01","5.911180e-01"
"IRins","5.097906e-01","5.073803e-01","5.048976e-01","5.023412e-01","4.997100e-01","4.970025e-01","4.942178e-01","4.913545e-01","4.884118e-01","4.853884e-01","4.822837e-01","4.790966e-01","4.758264e-01","4.724724e-01","4.690341e-01","4.655109e-01","4.619026e-01","4.582088e-01","4.544295e-01","4.505645e-01","4.466141e-01","4.425785e-01","4.384582e-01","4.342537e-01","4.299658e-01","4.255952e-01","4.211432e-01","4.166108e-01","4.119995e-01","4.073108e-01","4.025465e-01","3.977085e-01","3.927989e-01","3.878198e-01","3.827738e-01","3.776635e-01","3.724915e-01","3.672609e-01","3.619746e-01","3.566360e-01","3.512485e-01","3.458155e-01","3.403407e-01","3.348278e-01","3.292809e-01","3.237037e-01","3.181005e-01","3.124753e-01","3.068325e-01","3.011762e-01","2.955107e-01","2.898405e-01","2.841698e-01","2.785031e-01","2.728446e-01","2.671988e-01","2.615698e-01","2.559619e-01","2.503793e-01","2.448260e-01","2.393061e-01","2.338235e-01","2.283819e-01","2.229851e-01","2.176365e-01","2.123396e-01","2.070977e-01","2.019139e-01","1.967910e-01","1.917320e-01","1.867395e-01","1.818158e-01","1.769633e-01","1.721842e-01","1.674803e-01","1.628534e-01","1.583051e-01","1.538368e-01","1.494499e-01","1.451452e-01","1.409239e-01","1.367866e-01","1.327339e-01","1.287662e-01","1.248840e-01","1.210873e-01","1.173762e-01","1.137505e-01","1.102100e-01","1.067545e-01","1.033833e-01","1.000961e-01","9.689199e-02","9.377039e-02","9.073041e-02","8.777113e-02","8.489157e-02","8.209068e-02","7.936733e-02","7.672036e-02","7.414855e-02","7.165063e-02","6.922531e-02","6.687124e-02","6.458707e-02","6.237139e-02","6.022282e-02","5.813990e-02","5.612123e-02","5.416533e-02","5.227078e-02","5.043610e-02","4.865986e-02","4.694060e-02","4.527689e-02","4.366730e-02","4.211039e-02","4.060478e-02","3.914906e-02","3.774186e-02","3.638182e-02","3.506760e-02","3.379789e-02","3.257140e-02","3.138683e-02","3.024296e-02","2.913855e-02","2.807240e-02","2.704333e-02","2.605020e-02","2.509187e-02","2.416725e-02","2.327527e-02","2.241487e-02","2.158504e-02","2.078478e-02","2.001311e-02","1.926911e-02","1.855184e-02","1.786041e-02","1.719396e-02","1.655164e-02","1.593264e-02","1.533615e-02","1.476140e-02","1.420765e-02","1.367416e-02","1.316024e-02","1.266520e-02","1.218838e-02","1.172913e-02","1.128685e-02","1.086092e-02","1.045076e-02","1.005582e-02","9.675553e-03","9.309427e-03","8.956936e-03","8.617589e-03","8.290911e-03","7.976443e-03","7.673741e-03","7.382378e-03","7.101939e-03","6.832025e-03","6.572252e-03","6.322245e-03","6.081648e-03","5.850113e-03","5.627305e-03","5.412903e-03","5.206595e-03","5.008082e-03","4.817073e-03","4.633290e-03","4.456465e-03","4.286337e-03","4.122657e-03"
"IRmYP","2.268323e-04","2.257598e-04","2.246551e-04","2.235176e-04","2.223469e-04","2.211422e-04","2.199031e-04","2.186291e-04","2.173197e-04","2.159745e-04","2.145930e-04","2.131749e-04","2.117198e-04","2.102274e-04","2.086976e-04","2.071299e-04","2.055244e-04","2.038808e-04","2.021992e-04","2.004795e-04","1.987218e-04","1.969261e-04","1.950928e-04","1.932220e-04","1.913140e-04","1.893694e-04","1.873884e-04","1.853717e-04","1.833199e-04","1.812337e-04","1.791138e-04","1.769611e-04","1.747766e-04","1.725611e-04","1.703159e-04","1.680420e-04","1.657408e-04","1.634134e-04","1.610613e-04","1.586858e-04","1.562886e-04","1.538712e-04","1.514352e-04","1.489822e-04","1.465141e-04","1.440326e-04","1.415394e-04","1.390365e-04","1.365257e-04","1.340089e-04","1.314880e-04","1.289650e-04","1.264419e-04","1.239205e-04","1.214027e-04","1.188906e-04","1.163859e-04","1.138907e-04","1.114067e-04","1.089358e-04","1.064797e-04","1.040402e-04","1.016189e-04","9.921762e-05","9.683776e-05","9.448091e-05","9.214851e-05","8.984194e-05","8.756253e-05","8.531151e-05","8.309006e-05","8.089927e-05","7.874015e-05","7.661366e-05","7.452065e-05","7.246191e-05","7.043814e-05","6.844998e-05","6.649798e-05","6.458263e-05","6.270433e-05","6.086342e-05","5.906017e-05","5.729477e-05","5.556736e-05","5.387801e-05","5.222673e-05","5.061348e-05","4.903815e-05","4.750059e-05","4.600060e-05","4.453792e-05","4.311227e-05","4.172330e-05","4.037066e-05","3.905392e-05","3.777266e-05","3.652639e-05","3.531464e-05","3.413686e-05","3.299253e-05","3.188108e-05","3.080193e-05","2.975448e-05","2.873813e-05","2.775226e-05","2.679625e-05","2.586946e-05","2.497124e-05","2.410096e-05","2.325798e-05","2.244163e-05","2.165129e-05","2.088631e-05","2.014603e-05","1.942984e-05","1.873710e-05","1.806717e-05","1.741944e-05","1.679331e-05","1.618816e-05","1.560339e-05","1.503843e-05","1.449270e-05","1.396563e-05","1.345666e-05","1.296525e-05","1.249086e-05","1.203298e-05","1.159108e-05","1.116467e-05","1.075326e-05","1.035637e-05","9.973537e-06","9.604301e-06","9.248223e-06","8.904870e-06","8.573823e-06","8.254673e-06","7.947022e-06","7.650484e-06","7.364684e-06","7.089256e-06","6.823846e-06","6.568112e-06","6.321719e-06","6.084343e-06","5.855673e-06","5.635403e-06","5.423240e-06","5.218899e-06","5.022102e-06","4.832584e-06","4.650086e-06","4.474357e-06","4.305155e-06","4.142246e-06","3.985405e-06","3.834412e-06","3.689056e-06","3.549133e-06","3.414445e-06","3.284802e-06","3.160021e-06","3.039922e-06","2.924335e-06","2.813095e-06","2.706040e-06","2.603018e-06","2.503880e-06","2.408481e-06","2.316684e-06","2.228355e-06","2.143365e-06","2.061591e-06","1.982912e-06","1.907213e-06","1.834384e-06"
"IRiYP","1.874469e-03","1.868776e-03","1.862903e-03","1.856846e-03","1.850601e-03","1.844164e-03","1.837531e-03","1.830698e-03","1.823662e-03","1.816418e-03","1.808963e-03","1.801293e-03","1.793406e-03","1.785297e-03","1.776965e-03","1.768405e-03","1.759615e-03","1.750592e-03","1.741334e-03","1.731839e-03","1.722105e-03","1.712129e-03","1.701911e-03","1.691449e-03","1.680743e-03","1.669791e-03","1.658593e-03","1.647149e-03","1.635460e-03","1.623525e-03","1.611347e-03","1.598925e-03","1.586262e-03","1.573360e-03","1.560221e-03","1.546847e-03","1.533242e-03","1.519410e-03","1.505353e-03","1.491076e-03","1.476584e-03","1.461880e-03","1.446972e-03","1.431863e-03","1.416559e-03","1.401068e-03","1.385394e-03","1.369546e-03","1.353529e-03","1.337351e-03","1.321019e-03","1.304541e-03","1.287924e-03","1.271178e-03","1.254308e-03","1.237325e-03","1.220236e-03","1.203050e-03","1.185774e-03","1.168419e-03","1.150992e-03","1.133502e-03","1.115957e-03","1.098366e-03","1.080738e-03","1.063082e-03","1.045405e-03","1.027716e-03","1.010023e-03","9.923347e-04","9.746593e-04","9.570045e-04","9.393785e-04","9.217889e-04","9.042434e-04","8.867498e-04","8.693155e-04","8.519479e-04","8.346543e-04","8.174419e-04","8.003179e-04","7.832892e-04","7.663629e-04","7.495458e-04","7.328447e-04","7.162664e-04","6.998176e-04","6.835049e-04","6.673349e-04","6.513142e-04","6.354491e-04","6.197462e-04","6.042118e-04","5.888521e-04","5.736735e-04","5.586819e-04","5.438834e-04","5.292839e-04","5.148891e-04","5.007046e-04","4.867358e-04","4.729878e-04","4.594655e-04","4.461737e-04","4.331167e-04","4.202985e-04","4.077229e-04","3.953933e-04","3.833126e-04","3.714834e-04","3.599079e-04","3.485879e-04","3.375246e-04","3.267190e-04","3.161715e-04","3.058821e-04","2.958505e-04","2.860757e-04","2.765565e-04","2.672914e-04","2.582783e-04","2.495149e-04","2.409984e-04","2.327260e-04","2.246944e-04","2.168999e-04","2.093389e-04","2.020074e-04","1.949011e-04","1.880159e-04","1.813471e-04","1.748903e-04","1.686408e-04","1.625937e-04","1.567444e-04","1.510879e-04","1.456194e-04","1.403339e-04","1.352267e-04","1.302928e-04","1.255274e-04","1.209258e-04","1.164832e-04","1.121950e-04","1.080564e-04","1.040630e-04","1.002104e-04","9.649406e-05","9.290978e-05","8.945332e-05","8.612058e-05","8.290753e-05","7.981024e-05","7.682490e-05","7.394775e-05","7.117517e-05","6.850363e-05","6.592967e-05","6.344995e-05","6.106124e-05","5.876036e-05","5.654427e-05","5.440999e-05","5.235465e-05","5.037546e-05","4.846971e-05","4.663480e-05","4.486819e-05","4.316744e-05","4.153017e-05","3.995409e-05","3.843699e-05","3.697673e-05","3.557124e-05","3.421851e-05","3.291664e-05","3.166373e-05","3.045801e-05"
"IRi","1.285521e-02","1.279443e-02","1.273182e-02","1.266736e-02","1.260101e-02","1.253274e-02","1.246252e-02","1.239031e-02","1.231611e-02","1.223987e-02","1.216158e-02","1.208121e-02","1.199875e-02","1.191417e-02","1.182747e-02","1.173863e-02","1.164764e-02","1.155449e-02","1.145919e-02","1.136173e-02","1.126211e-02","1.116035e-02","1.105645e-02","1.095042e-02","1.084229e-02","1.073208e-02","1.061982e-02","1.050553e-02","1.038925e-02","1.027101e-02","1.015087e-02","1.002888e-02","9.905071e-03","9.779516e-03","9.652273e-03","9.523406e-03","9.392987e-03","9.261087e-03","9.127786e-03","8.993165e-03","8.857309e-03","8.720307e-03","8.582250e-03","8.443235e-03","8.303359e-03","8.162722e-03","8.021428e-03","7.879580e-03","7.737286e-03","7.594653e-03","7.451789e-03","7.308805e-03","7.165810e-03","7.022914e-03","6.880227e-03","6.737857e-03","6.595913e-03","6.454501e-03","6.313726e-03","6.173691e-03","6.034498e-03","5.896245e-03","5.759026e-03","5.622936e-03","5.488063e-03","5.354494e-03","5.222310e-03","5.091591e-03","4.962410e-03","4.834839e-03","4.708943e-03","4.584785e-03","4.462422e-03","4.341908e-03","4.223291e-03","4.106616e-03","3.991924e-03","3.879249e-03","3.768624e-03","3.660076e-03","3.553628e-03","3.449298e-03","3.347103e-03","3.247053e-03","3.149156e-03","3.053415e-03","2.959833e-03","2.868405e-03","2.779127e-03","2.691989e-03","2.606981e-03","2.524087e-03","2.443291e-03","2.364575e-03","2.287917e-03","2.213294e-03","2.140681e-03","2.070052e-03","2.001378e-03","1.934630e-03","1.869778e-03","1.806789e-03","1.745630e-03","1.686269e-03","1.628669e-03","1.572797e-03","1.518617e-03","1.466093e-03","1.415189e-03","1.365868e-03","1.318094e-03","1.271829e-03","1.227039e-03","1.183685e-03","1.141731e-03","1.101143e-03","1.061883e-03","1.023916e-03","9.872080e-04","9.517231e-04","9.174274e-04","8.842873e-04","8.522695e-04","8.213414e-04","7.914707e-04","7.626261e-04","7.347766e-04","7.078918e-04","6.819422e-04","6.568987e-04","6.327329e-04","6.094171e-04","5.869242e-04","5.652279e-04","5.443023e-04","5.241223e-04","5.046636e-04","4.859022e-04","4.678151e-04","4.503797e-04","4.335741e-04","4.173770e-04","4.017677e-04","3.867262e-04","3.722330e-04","3.582692e-04","3.448165e-04","3.318572e-04","3.193739e-04","3.073500e-04","2.957694e-04","2.846164e-04","2.738759e-04","2.635332e-04","2.535741e-04","2.439850e-04","2.347525e-04","2.258639e-04","2.173067e-04","2.090690e-04","2.011392e-04","1.935060e-04","1.861588e-04","1.790871e-04","1.722808e-04","1.657301e-04","1.594258e-04","1.533588e-04","1.475202e-04","1.419018e-04","1.364953e-04","1.312929e-04","1.262870e-04","1.214704e-04","1.168360e-04","1.123771e-04","1.080870e-04","1.039596e-04"
"IRS1","2.704585e-01","2.708095e-01","2.711723e-01","2.715471e-01","2.719344e-01","2.723343e-01","2.727472e-01","2.731734e-01","2.736132e-01","2.740670e-01","2.745350e-01","2.750176e-01","2.755150e-01","2.760276e-01","2.765556e-01","2.770993e-01","2.776591e-01","2.782351e-01","2.788277e-01","2.794371e-01","2.800636e-01","2.807074e-01","2.813686e-01","2.820476e-01","2.827444e-01","2.834593e-01","2.841924e-01","2.849438e-01","2.857137e-01","2.865020e-01","2.873090e-01","2.881346e-01","2.889788e-01","2.898417e-01","2.907231e-01","2.916230e-01","2.925413e-01","2.934778e-01","2.944324e-01","2.954048e-01","2.963949e-01","2.974023e-01","2.984267e-01","2.994678e-01","3.005252e-01","3.015984e-01","3.026870e-01","3.037905e-01","3.049084e-01","3.060400e-01","3.071848e-01","3.083421e-01","3.095113e-01","3.106915e-01","3.118821e-01","3.130823e-01","3.142912e-01","3.155081e-01","3.167319e-01","3.179619e-01","3.191970e-01","3.204364e-01","3.216790e-01","3.229239e-01","3.241701e-01","3.254164e-01","3.266620e-01","3.279056e-01","3.291463e-01","3.303830e-01","3.316146e-01","3.328400e-01","3.340582e-01","3.352681e-01","3.364686e-01","3.376587e-01","3.388374e-01","3.400035e-01","3.411562e-01","3.422945e-01","3.434173e-01","3.445237e-01","3.456129e-01","3.466839e-01","3.477360e-01","3.487684e-01","3.497802e-01","3.507707e-01","3.517394e-01","3.526856e-01","3.536087e-01","3.545083e-01","3.553838e-01","3.562349e-01","3.570613e-01","3.578627e-01","3.586389e-01","3.593898e-01","3.601153e-01","3.608153e-01","3.614900e-01","3.621394e-01","3.627638e-01","3.633635e-01","3.639386e-01","3.644895e-01","3.650168e-01","3.655207e-01","3.660019e-01","3.664609e-01","3.668983e-01","3.673146e-01","3.677105e-01","3.680868e-01","3.684439e-01","3.687828e-01","3.691040e-01","3.694082e-01","3.696962e-01","3.699687e-01","3.702263e-01","3.704698e-01","3.706998e-01","3.709170e-01","3.711220e-01","3.713154e-01","3.714979e-01","3.716700e-01","3.718324e-01","3.719854e-01","3.721297e-01","3.722658e-01","3.723940e-01","3.725149e-01","3.726289e-01","3.727364e-01","3.728378e-01","3.729334e-01","3.730235e-01","3.731086e-01","3.731888e-01","3.732646e-01","3.733361e-01","3.734036e-01","3.734674e-01","3.735276e-01","3.735846e-01","3.736384e-01","3.736893e-01","3.737374e-01","3.737830e-01","3.738261e-01","3.738669e-01","3.739056e-01","3.739422e-01","3.739769e-01","3.740098e-01","3.740410e-01","3.740706e-01","3.740987e-01","3.741254e-01","3.741507e-01","3.741748e-01","3.741976e-01","3.742194e-01","3.742400e-01","3.742597e-01","3.742784e-01","3.742962e-01","3.743131e-01","3.743292e-01","3.743446e-01","3.743592e-01","3.743732e-01","3.743865e-01","3.743992e-01","3.744113e-01","3.744228e-01"
"IRS1YP","3.924918e-05","3.919481e-05","3.913848e-05","3.908015e-05","3.901974e-05","3.895719e-05","3.889245e-05","3.882543e-05","3.875607e-05","3.868430e-05","3.861006e-05","3.853327e-05","3.845385e-05","3.837174e-05","3.828686e-05","3.819913e-05","3.810848e-05","3.801483e-05","3.791810e-05","3.781821e-05","3.771508e-05","3.760864e-05","3.749881e-05","3.738549e-05","3.726862e-05","3.714811e-05","3.702389e-05","3.689586e-05","3.676396e-05","3.662811e-05","3.648822e-05","3.634421e-05","3.619602e-05","3.604357e-05","3.588678e-05","3.572558e-05","3.555991e-05","3.538968e-05","3.521484e-05","3.503532e-05","3.485106e-05","3.466200e-05","3.446809e-05","3.426926e-05","3.406548e-05","3.385668e-05","3.364284e-05","3.342390e-05","3.319984e-05","3.297062e-05","3.273621e-05","3.249660e-05","3.225175e-05","3.200166e-05","3.174632e-05","3.148572e-05","3.121986e-05","3.094875e-05","3.067241e-05","3.039084e-05","3.010407e-05","2.981213e-05","2.951505e-05","2.921288e-05","2.890565e-05","2.859343e-05","2.827628e-05","2.795425e-05","2.762743e-05","2.729590e-05","2.695975e-05","2.661906e-05","2.627395e-05","2.592453e-05","2.557092e-05","2.521324e-05","2.485165e-05","2.448627e-05","2.411727e-05","2.374482e-05","2.336909e-05","2.299027e-05","2.260854e-05","2.222413e-05","2.183724e-05","2.144810e-05","2.105695e-05","2.066404e-05","2.026962e-05","1.987397e-05","1.947736e-05","1.908008e-05","1.868243e-05","1.828471e-05","1.788723e-05","1.749032e-05","1.709430e-05","1.669950e-05","1.630626e-05","1.591490e-05","1.552576e-05","1.513917e-05","1.475548e-05","1.437499e-05","1.399805e-05","1.362494e-05","1.325599e-05","1.289149e-05","1.253170e-05","1.217690e-05","1.182734e-05","1.148326e-05","1.114486e-05","1.081235e-05","1.048591e-05","1.016570e-05","9.851859e-06","9.544512e-06","9.243761e-06","8.949690e-06","8.662365e-06","8.381832e-06","8.108120e-06","7.841244e-06","7.581200e-06","7.327971e-06","7.081524e-06","6.841816e-06","6.608790e-06","6.382377e-06","6.162501e-06","5.949075e-06","5.742003e-06","5.541183e-06","5.346509e-06","5.157865e-06","4.975134e-06","4.798192e-06","4.626916e-06","4.461176e-06","4.300843e-06","4.145786e-06","3.995871e-06","3.850967e-06","3.710941e-06","3.575661e-06","3.444994e-06","3.318811e-06","3.196983e-06","3.079380e-06","2.965878e-06","2.856353e-06","2.750682e-06","2.648746e-06","2.550427e-06","2.455611e-06","2.364184e-06","2.276037e-06","2.191062e-06","2.109155e-06","2.030213e-06","1.954137e-06","1.880831e-06","1.810200e-06","1.742152e-06","1.676599e-06","1.613454e-06","1.552634e-06","1.494058e-06","1.437646e-06","1.383322e-06","1.331012e-06","1.280645e-06","1.232152e-06","1.185465e-06","1.140519e-06","1.097252e-06","1.055603e-06"
"IRS1YPS307","1.014356e-02","1.010939e-02","1.007408e-02","1.003759e-02","9.999895e-03","9.960966e-03","9.920773e-03","9.879284e-03","9.836469e-03","9.792298e-03","9.746741e-03","9.699767e-03","9.651348e-03","9.601453e-03","9.550055e-03","9.497126e-03","9.442637e-03","9.386563e-03","9.328877e-03","9.269555e-03","9.208574e-03","9.145910e-03","9.081543e-03","9.015453e-03","8.947622e-03","8.878033e-03","8.806673e-03","8.733528e-03","8.658589e-03","8.581846e-03","8.503294e-03","8.422929e-03","8.340750e-03","8.256760e-03","8.170963e-03","8.083366e-03","7.993979e-03","7.902818e-03","7.809898e-03","7.715239e-03","7.618867e-03","7.520806e-03","7.421089e-03","7.319750e-03","7.216825e-03","7.112358e-03","7.006392e-03","6.898977e-03","6.790166e-03","6.680013e-03","6.568580e-03","6.455929e-03","6.342126e-03","6.227242e-03","6.111351e-03","5.994529e-03","5.876855e-03","5.758413e-03","5.639287e-03","5.519566e-03","5.399341e-03","5.278704e-03","5.157751e-03","5.036578e-03","4.915285e-03","4.793971e-03","4.672738e-03","4.551689e-03","4.430928e-03","4.310558e-03","4.190683e-03","4.071409e-03","3.952840e-03","3.835080e-03","3.718231e-03","3.602397e-03","3.487678e-03","3.374175e-03","3.261984e-03","3.151201e-03","3.041921e-03","2.934234e-03","2.828228e-03","2.723987e-03","2.621592e-03","2.521122e-03","2.422650e-03","2.326245e-03","2.231970e-03","2.139887e-03","2.050049e-03","1.962506e-03","1.877300e-03","1.794471e-03","1.714050e-03","1.636062e-03","1.560528e-03","1.487460e-03","1.416866e-03","1.348745e-03","1.283093e-03","1.219897e-03","1.159140e-03","1.100797e-03","1.044838e-03","9.912299e-04","9.399313e-04","8.908975e-04","8.440796e-04","7.994243e-04","7.568751e-04","7.163721e-04","6.778531e-04","6.412536e-04","6.065074e-04","5.735471e-04","5.423044e-04","5.127106e-04","4.846970e-04","4.581952e-04","4.331374e-04","4.094569e-04","3.870880e-04","3.659666e-04","3.460302e-04","3.272181e-04","3.094715e-04","2.927337e-04","2.769501e-04","2.620682e-04","2.480379e-04","2.348112e-04","2.223423e-04","2.105875e-04","1.995056e-04","1.890572e-04","1.792050e-04","1.699139e-04","1.611506e-04","1.528836e-04","1.450832e-04","1.377217e-04","1.307726e-04","1.242113e-04","1.180144e-04","1.121602e-04","1.066280e-04","1.013988e-04","9.645428e-05","9.177760e-05","8.735281e-05","8.316501e-05","7.920021e-05","7.544529e-05","7.188797e-05","6.851673e-05","6.532076e-05","6.228994e-05","5.941477e-05","5.668636e-05","5.409636e-05","5.163693e-05","4.930075e-05","4.708090e-05","4.497093e-05","4.296477e-05","4.105672e-05","3.924141e-05","3.751383e-05","3.586925e-05","3.430321e-05","3.281155e-05","3.139033e-05","3.003585e-05","2.874463e-05","2.751338e-05","2.633903e-05","2.521866e-05"
"IRS1S307","1.534014e-01","1.530846e-01","1.527571e-01","1.524188e-01","1.520694e-01","1.517084e-01","1.513358e-01","1.509511e-01","1.505542e-01","1.501447e-01","1.497223e-01","1.492868e-01","1.488378e-01","1.483753e-01","1.478987e-01","1.474080e-01","1.469028e-01","1.463829e-01","1.458481e-01","1.452981e-01","1.447327e-01","1.441518e-01","1.435550e-01","1.429422e-01","1.423134e-01","1.416682e-01","1.410066e-01","1.403284e-01","1.396336e-01","1.389221e-01","1.381938e-01","1.374488e-01","1.366869e-01","1.359081e-01","1.351127e-01","1.343006e-01","1.334718e-01","1.326266e-01","1.317651e-01","1.308875e-01","1.299940e-01","1.290849e-01","1.281604e-01","1.272208e-01","1.262666e-01","1.252980e-01","1.243156e-01","1.233197e-01","1.223109e-01","1.212896e-01","1.202565e-01","1.192121e-01","1.181570e-01","1.170919e-01","1.160174e-01","1.149343e-01","1.138433e-01","1.127452e-01","1.116408e-01","1.105308e-01","1.094162e-01","1.082977e-01","1.071763e-01","1.060529e-01","1.049284e-01","1.038036e-01","1.026797e-01","1.015574e-01","1.004378e-01","9.932181e-02","9.821043e-02","9.710462e-02","9.600534e-02","9.491356e-02","9.383024e-02","9.275633e-02","9.169275e-02","9.064044e-02","8.960031e-02","8.857323e-02","8.756008e-02","8.656170e-02","8.557891e-02","8.461248e-02","8.366318e-02","8.273171e-02","8.181877e-02","8.092500e-02","8.005098e-02","7.919727e-02","7.836439e-02","7.755278e-02","7.676284e-02","7.599494e-02","7.524936e-02","7.452635e-02","7.382608e-02","7.314868e-02","7.249421e-02","7.186268e-02","7.125404e-02","7.066816e-02","7.010490e-02","6.956402e-02","6.904525e-02","6.854826e-02","6.807269e-02","6.761812e-02","6.718410e-02","6.677012e-02","6.637567e-02","6.600019e-02","6.564310e-02","6.530381e-02","6.498171e-02","6.467616e-02","6.438653e-02","6.411219e-02","6.385250e-02","6.360683e-02","6.337454e-02","6.315502e-02","6.294767e-02","6.275187e-02","6.256707e-02","6.239268e-02","6.222818e-02","6.207303e-02","6.192672e-02","6.178877e-02","6.165872e-02","6.153611e-02","6.142054e-02","6.131158e-02","6.120886e-02","6.111201e-02","6.102069e-02","6.093457e-02","6.085334e-02","6.077672e-02","6.070442e-02","6.063619e-02","6.057178e-02","6.051096e-02","6.045353e-02","6.039927e-02","6.034800e-02","6.029953e-02","6.025370e-02","6.021036e-02","6.016935e-02","6.013054e-02","6.009379e-02","6.005899e-02","6.002602e-02","5.999478e-02","5.996516e-02","5.993707e-02","5.991043e-02","5.988514e-02","5.986114e-02","5.983835e-02","5.981670e-02","5.979612e-02","5.977657e-02","5.975798e-02","5.974030e-02","5.972347e-02","5.970746e-02","5.969222e-02","5.967771e-02","5.966389e-02","5.965072e-02","5.963817e-02","5.962620e-02","5.961479e-02","5.960391e-02","5.959353e-02"
"X","9.999796e-01","9.999796e-01","9.999797e-01","9.999797e-01","9.999798e-01","9.999798e-01","9.999798e-01","9.999799e-01","9.999799e-01","9.999800e-01","9.999800e-01","9.999801e-01","9.999801e-01","9.999802e-01","9.999802e-01","9.999803e-01","9.999803e-01","9.999804e-01","9.999804e-01","9.999805e-01","9.999806e-01","9.999806e-01","9.999807e-01","9.999808e-01","9.999808e-01","9.999809e-01","9.999810e-01","9.999810e-01","9.999811e-01","9.999812e-01","9.999813e-01","9.999814e-01","9.999814e-01","9.999815e-01","9.999816e-01","9.999817e-01","9.999818e-01","9.999819e-01","9.999820e-01","9.999821e-01","9.999822e-01","9.999823e-01","9.999824e-01","9.999825e-01","9.999826e-01","9.999827e-01","9.999828e-01","9.999829e-01","9.999830e-01","9.999831e-01","9.999832e-01","9.999833e-01","9.999835e-01","9.999836e-01","9.999837e-01","9.999838e-01","9.999839e-01","9.999841e-01","9.999842e-01","9.999843e-01","9.999844e-01","9.999845e-01","9.999847e-01","9.999848e-01","9.999849e-01","9.999850e-01","9.999851e-01","9.999853e-01","9.999854e-01","9.999855e-01","9.999856e-01","9.999858e-01","9.999859e-01","9.999860e-01","9.999861e-01","9.999862e-01","9.999863e-01","9.999865e-01","9.999866e-01","9.999867e-01","9.999868e-01","9.999869e-01","9.999870e-01","9.999871e-01","9.999872e-01","9.999873e-01","9.999874e-01","9.999875e-01","9.999876e-01","9.999877e-01","9.999878e-01","9.999879e-01","9.999880e-01","9.999881e-01","9.999881e-01","9.999882e-01","9.999883e-01","9.999884e-01","9.999884e-01","9.999885e-01","9.999886e-01","9.999886e-01","9.999887e-01","9.999888e-01","9.999888e-01","9.999889e-01","9.999889e-01","9.999890e-01","9.999890e-01","9.999891e-01","9.999891e-01","9.999892e-01","9.999892e-01","9.999892e-01","9.999893e-01","9.999893e-01","9.999893e-01","9.999894e-01","9.999894e-01","9.999894e-01","9.999894e-01","9.999895e-01","9.999895e-01","9.999895e-01","9.999895e-01","9.999895e-01","9.999896e-01","9.999896e-01","9.999896e-01","9.999896e-01","9.999896e-01","9.999896e-01","9.999897e-01","9.999897e-01","9.999897e-01","9.999897e-01","9.999897e-01","9.999897e-01","9.999897e-01","9.999897e-01","9.999897e-01","9.999897e-01","9.999897e-01","9.999898e-01","9.999898e-01","9.999898e-01","9.999898e-01","9.999898e-01","9.999898e-01","9.999898e-01","9.999898e-01","9.999898e-01","9.999898e-01","9.999898e-01","9.999898e-01","9.999898e-01","9.999898e-01","9.999898e-01","9.999898e-01","9.999898e-01","9.999898e-01","9.999898e-01","9.999898e-01","9.999898e-01","9.999898e-01","9.999898e-01","9.999898e-01","9.999898e-01","9.999898e-01","9.999898e-01","9.999898e-01","9.999898e-01","9.999898e-01","9.999898e-01","9.999898e-01","9.999899e-01","9.999899e-01","9.999899e-01"
"Xp","2.038781e-05","2.035322e-05","2.031748e-05","2.028055e-05","2.024240e-05","2.020300e-05","2.016232e-05","2.012033e-05","2.007699e-05","2.003229e-05","1.998618e-05","1.993864e-05","1.988963e-05","1.983913e-05","1.978711e-05","1.973354e-05","1.967840e-05","1.962164e-05","1.956326e-05","1.950322e-05","1.944150e-05","1.937808e-05","1.931293e-05","1.924604e-05","1.917739e-05","1.910696e-05","1.903473e-05","1.896070e-05","1.888485e-05","1.880718e-05","1.872768e-05","1.864634e-05","1.856317e-05","1.847816e-05","1.839132e-05","1.830267e-05","1.821220e-05","1.811993e-05","1.802589e-05","1.793008e-05","1.783254e-05","1.773329e-05","1.763237e-05","1.752980e-05","1.742563e-05","1.731990e-05","1.721265e-05","1.710394e-05","1.699381e-05","1.688232e-05","1.676954e-05","1.665552e-05","1.654034e-05","1.642406e-05","1.630677e-05","1.618853e-05","1.606943e-05","1.594956e-05","1.582899e-05","1.570782e-05","1.558613e-05","1.546404e-05","1.534162e-05","1.521898e-05","1.509621e-05","1.497343e-05","1.485073e-05","1.472821e-05","1.460599e-05","1.448416e-05","1.436283e-05","1.424211e-05","1.412211e-05","1.400292e-05","1.388466e-05","1.376742e-05","1.365131e-05","1.353643e-05","1.342288e-05","1.331076e-05","1.320015e-05","1.309116e-05","1.298387e-05","1.287836e-05","1.277473e-05","1.267304e-05","1.257337e-05","1.247580e-05","1.238038e-05","1.228718e-05","1.219626e-05","1.210765e-05","1.202141e-05","1.193758e-05","1.185618e-05","1.177725e-05","1.170080e-05","1.162685e-05","1.155540e-05","1.148645e-05","1.142000e-05","1.135604e-05","1.129455e-05","1.123550e-05","1.117886e-05","1.112460e-05","1.107268e-05","1.102305e-05","1.097567e-05","1.093047e-05","1.088741e-05","1.084641e-05","1.080743e-05","1.077038e-05","1.073521e-05","1.070185e-05","1.067023e-05","1.064028e-05","1.061193e-05","1.058510e-05","1.055974e-05","1.053577e-05","1.051313e-05","1.049176e-05","1.047158e-05","1.045254e-05","1.043458e-05","1.041764e-05","1.040166e-05","1.038660e-05","1.037240e-05","1.035901e-05","1.034639e-05","1.033449e-05","1.032328e-05","1.031270e-05","1.030273e-05","1.029333e-05","1.028446e-05","1.027609e-05","1.026820e-05","1.026075e-05","1.025371e-05","1.024707e-05","1.024080e-05","1.023487e-05","1.022928e-05","1.022398e-05","1.021898e-05","1.021424e-05","1.020977e-05","1.020553e-05","1.020151e-05","1.019771e-05","1.019411e-05","1.019070e-05","1.018747e-05","1.018440e-05","1.018149e-05","1.017873e-05","1.017611e-05","1.017362e-05","1.017125e-05","1.016901e-05","1.016687e-05","1.016484e-05","1.016291e-05","1.016107e-05","1.015932e-05","1.015766e-05","1.015607e-05","1.015456e-05","1.015313e-05","1.015175e-05","1.015045e-05","1.014920e-05","1.014801e-05","1.014688e-05"
"PKB","3.580751e-01","3.586718e-01","3.592897e-01","3.599293e-01","3.605914e-01","3.612766e-01","3.619855e-01","3.627190e-01","3.634776e-01","3.642621e-01","3.650733e-01","3.659118e-01","3.667785e-01","3.676741e-01","3.685993e-01","3.695549e-01","3.705417e-01","3.715605e-01","3.726121e-01","3.736973e-01","3.748168e-01","3.759714e-01","3.771620e-01","3.783894e-01","3.796543e-01","3.809575e-01","3.822998e-01","3.836820e-01","3.851049e-01","3.865692e-01","3.880756e-01","3.896250e-01","3.912179e-01","3.928552e-01","3.945375e-01","3.962654e-01","3.980397e-01","3.998609e-01","4.017297e-01","4.036466e-01","4.056121e-01","4.076268e-01","4.096912e-01","4.118057e-01","4.139707e-01","4.161866e-01","4.184538e-01","4.207726e-01","4.231432e-01","4.255659e-01","4.280408e-01","4.305682e-01","4.331480e-01","4.357803e-01","4.384652e-01","4.412027e-01","4.439925e-01","4.468346e-01","4.497287e-01","4.526747e-01","4.556722e-01","4.587209e-01","4.618203e-01","4.649700e-01","4.681695e-01","4.714181e-01","4.747153e-01","4.780603e-01","4.814523e-01","4.848905e-01","4.883740e-01","4.919017e-01","4.954727e-01","4.990858e-01","5.027398e-01","5.064333e-01","5.101651e-01","5.139335e-01","5.177372e-01","5.215744e-01","5.254435e-01","5.293424e-01","5.332694e-01","5.372223e-01","5.411991e-01","5.451974e-01","5.492149e-01","5.532491e-01","5.572975e-01","5.613573e-01","5.654258e-01","5.695001e-01","5.735772e-01","5.776541e-01","5.817275e-01","5.857943e-01","5.898512e-01","5.938949e-01","5.979219e-01","6.019289e-01","6.059125e-01","6.098693e-01","6.137958e-01","6.176888e-01","6.215450e-01","6.253612e-01","6.291343e-01","6.328613e-01","6.365393e-01","6.401656e-01","6.437377e-01","6.472530e-01","6.507095e-01","6.541050e-01","6.574378e-01","6.607061e-01","6.639085e-01","6.670439e-01","6.701110e-01","6.731092e-01","6.760376e-01","6.788960e-01","6.816839e-01","6.844013e-01","6.870482e-01","6.896249e-01","6.921316e-01","6.945689e-01","6.969374e-01","6.992378e-01","7.014710e-01","7.036378e-01","7.057393e-01","7.077766e-01","7.097508e-01","7.116631e-01","7.135147e-01","7.153069e-01","7.170412e-01","7.187187e-01","7.203409e-01","7.219091e-01","7.234247e-01","7.248891e-01","7.263038e-01","7.276700e-01","7.289891e-01","7.302625e-01","7.314916e-01","7.326776e-01","7.338219e-01","7.349257e-01","7.359904e-01","7.370171e-01","7.380070e-01","7.389614e-01","7.398815e-01","7.407682e-01","7.416228e-01","7.424464e-01","7.432399e-01","7.440044e-01","7.447409e-01","7.454503e-01","7.461337e-01","7.467918e-01","7.474256e-01","7.480359e-01","7.486236e-01","7.491895e-01","7.497343e-01","7.502588e-01","7.507637e-01","7.512498e-01","7.517177e-01","7.521680e-01","7.526015e-01","7.530187e-01"
"PKBT308","1.431655e-01","1.432695e-01","1.433767e-01","1.434871e-01","1.436006e-01","1.437174e-01","1.438374e-01","1.439608e-01","1.440875e-01","1.442177e-01","1.443512e-01","1.444881e-01","1.446285e-01","1.447723e-01","1.449195e-01","1.450702e-01","1.452243e-01","1.453818e-01","1.455427e-01","1.457069e-01","1.458743e-01","1.460450e-01","1.462187e-01","1.463955e-01","1.465753e-01","1.467578e-01","1.469431e-01","1.471309e-01","1.473211e-01","1.475135e-01","1.477079e-01","1.479042e-01","1.481020e-01","1.483012e-01","1.485015e-01","1.487027e-01","1.489043e-01","1.491061e-01","1.493078e-01","1.495090e-01","1.497093e-01","1.499083e-01","1.501056e-01","1.503008e-01","1.504934e-01","1.506829e-01","1.508688e-01","1.510506e-01","1.512277e-01","1.513997e-01","1.515659e-01","1.517256e-01","1.518785e-01","1.520236e-01","1.521606e-01","1.522886e-01","1.524070e-01","1.525151e-01","1.526123e-01","1.526978e-01","1.527710e-01","1.528310e-01","1.528772e-01","1.529089e-01","1.529254e-01","1.529258e-01","1.529095e-01","1.528758e-01","1.528240e-01","1.527533e-01","1.526630e-01","1.525526e-01","1.524213e-01","1.522685e-01","1.520936e-01","1.518960e-01","1.516750e-01","1.514303e-01","1.511613e-01","1.508676e-01","1.505487e-01","1.502042e-01","1.498339e-01","1.494375e-01","1.490148e-01","1.485656e-01","1.480899e-01","1.475877e-01","1.470589e-01","1.465038e-01","1.459226e-01","1.453156e-01","1.446831e-01","1.440257e-01","1.433438e-01","1.426382e-01","1.419095e-01","1.411587e-01","1.403864e-01","1.395939e-01","1.387821e-01","1.379521e-01","1.371053e-01","1.362427e-01","1.353659e-01","1.344761e-01","1.335748e-01","1.326635e-01","1.317436e-01","1.308166e-01","1.298840e-01","1.289473e-01","1.280081e-01","1.270677e-01","1.261276e-01","1.251892e-01","1.242540e-01","1.233230e-01","1.223978e-01","1.214793e-01","1.205688e-01","1.196673e-01","1.187759e-01","1.178953e-01","1.170265e-01","1.161703e-01","1.153274e-01","1.144983e-01","1.136836e-01","1.128839e-01","1.120995e-01","1.113309e-01","1.105783e-01","1.098420e-01","1.091221e-01","1.084189e-01","1.077323e-01","1.070625e-01","1.064094e-01","1.057731e-01","1.051533e-01","1.045501e-01","1.039633e-01","1.033928e-01","1.028383e-01","1.022996e-01","1.017766e-01","1.012690e-01","1.007765e-01","1.002989e-01","9.983588e-02","9.938715e-02","9.895240e-02","9.853136e-02","9.812370e-02","9.772913e-02","9.734731e-02","9.697794e-02","9.662071e-02","9.627529e-02","9.594138e-02","9.561866e-02","9.530683e-02","9.500557e-02","9.471459e-02","9.443359e-02","9.416227e-02","9.390034e-02","9.364753e-02","9.340354e-02","9.316811e-02","9.294098e-02","9.272187e-02","9.251053e-02","9.230671e-02","9.211017e-02","9.192067e-02","9.173798e-02"
"PKBS473","2.711448e-01","2.707624e-01","2.703666e-01","2.699571e-01","2.695333e-01","2.690951e-01","2.686418e-01","2.681731e-01","2.676886e-01","2.671878e-01","2.666703e-01","2.661357e-01","2.655835e-01","2.650133e-01","2.644245e-01","2.638168e-01","2.631898e-01","2.625428e-01","2.618756e-01","2.611876e-01","2.604783e-01","2.597475e-01","2.589944e-01","2.582189e-01","2.574203e-01","2.565983e-01","2.557525e-01","2.548823e-01","2.539875e-01","2.530676e-01","2.521223e-01","2.511511e-01","2.501537e-01","2.491297e-01","2.480788e-01","2.470008e-01","2.458952e-01","2.447619e-01","2.436006e-01","2.424109e-01","2.411928e-01","2.399460e-01","2.386703e-01","2.373657e-01","2.360319e-01","2.346689e-01","2.332766e-01","2.318550e-01","2.304041e-01","2.289239e-01","2.274144e-01","2.258757e-01","2.243080e-01","2.227113e-01","2.210859e-01","2.194319e-01","2.177496e-01","2.160393e-01","2.143012e-01","2.125357e-01","2.107432e-01","2.089241e-01","2.070787e-01","2.052077e-01","2.033114e-01","2.013905e-01","1.994455e-01","1.974770e-01","1.954857e-01","1.934723e-01","1.914375e-01","1.893821e-01","1.873068e-01","1.852126e-01","1.831003e-01","1.809709e-01","1.788253e-01","1.766645e-01","1.744897e-01","1.723019e-01","1.701023e-01","1.678921e-01","1.656725e-01","1.634448e-01","1.612104e-01","1.589708e-01","1.567272e-01","1.544813e-01","1.522345e-01","1.499884e-01","1.477447e-01","1.455051e-01","1.432711e-01","1.410445e-01","1.388272e-01","1.366207e-01","1.344270e-01","1.322478e-01","1.300849e-01","1.279401e-01","1.258151e-01","1.237117e-01","1.216316e-01","1.195763e-01","1.175476e-01","1.155470e-01","1.135758e-01","1.116356e-01","1.097276e-01","1.078530e-01","1.060129e-01","1.042083e-01","1.024402e-01","1.007094e-01","9.901637e-02","9.736186e-02","9.574627e-02","9.416996e-02","9.263317e-02","9.113602e-02","8.967855e-02","8.826071e-02","8.688234e-02","8.554322e-02","8.424301e-02","8.298134e-02","8.175776e-02","8.057174e-02","7.942272e-02","7.831008e-02","7.723317e-02","7.619128e-02","7.518369e-02","7.420965e-02","7.326837e-02","7.235908e-02","7.148096e-02","7.063320e-02","6.981498e-02","6.902548e-02","6.826389e-02","6.752938e-02","6.682116e-02","6.613841e-02","6.548034e-02","6.484618e-02","6.423516e-02","6.364651e-02","6.307952e-02","6.253344e-02","6.200757e-02","6.150123e-02","6.101374e-02","6.054445e-02","6.009271e-02","5.965791e-02","5.923944e-02","5.883673e-02","5.844920e-02","5.807631e-02","5.771752e-02","5.737232e-02","5.704021e-02","5.672071e-02","5.641336e-02","5.611769e-02","5.583329e-02","5.555973e-02","5.529660e-02","5.504351e-02","5.480009e-02","5.456598e-02","5.434081e-02","5.412426e-02","5.391600e-02","5.371572e-02","5.352311e-02","5.333788e-02"
"PKBT308S473","1.342673e-01","1.339489e-01","1.336196e-01","1.332792e-01","1.329273e-01","1.325637e-01","1.321879e-01","1.317998e-01","1.313989e-01","1.309851e-01","1.305579e-01","1.301170e-01","1.296622e-01","1.291931e-01","1.287093e-01","1.282107e-01","1.276969e-01","1.271675e-01","1.266223e-01","1.260610e-01","1.254832e-01","1.248888e-01","1.242775e-01","1.236489e-01","1.230028e-01","1.223390e-01","1.216573e-01","1.209574e-01","1.202392e-01","1.195024e-01","1.187468e-01","1.179724e-01","1.171790e-01","1.163665e-01","1.155348e-01","1.146838e-01","1.138134e-01","1.129237e-01","1.120146e-01","1.110862e-01","1.101385e-01","1.091715e-01","1.081855e-01","1.071805e-01","1.061567e-01","1.051143e-01","1.040534e-01","1.029744e-01","1.018776e-01","1.007632e-01","9.963157e-02","9.848312e-02","9.731824e-02","9.613737e-02","9.494096e-02","9.372953e-02","9.250358e-02","9.126369e-02","9.001043e-02","8.874441e-02","8.746628e-02","8.617671e-02","8.487639e-02","8.356604e-02","8.224640e-02","8.091825e-02","7.958237e-02","7.823958e-02","7.689071e-02","7.553661e-02","7.417817e-02","7.281628e-02","7.145183e-02","7.008576e-02","6.871901e-02","6.735252e-02","6.598727e-02","6.462423e-02","6.326438e-02","6.190872e-02","6.055825e-02","5.921397e-02","5.787688e-02","5.654800e-02","5.522834e-02","5.391889e-02","5.262065e-02","5.133462e-02","5.006177e-02","4.880307e-02","4.755947e-02","4.633188e-02","4.512123e-02","4.392837e-02","4.275416e-02","4.159940e-02","4.046488e-02","3.935131e-02","3.825939e-02","3.718975e-02","3.614297e-02","3.511957e-02","3.412003e-02","3.314476e-02","3.219410e-02","3.126832e-02","3.036766e-02","2.949225e-02","2.864219e-02","2.781749e-02","2.701811e-02","2.624396e-02","2.549486e-02","2.477060e-02","2.407091e-02","2.339546e-02","2.274390e-02","2.211579e-02","2.151071e-02","2.092817e-02","2.036766e-02","1.982864e-02","1.931055e-02","1.881284e-02","1.833490e-02","1.787614e-02","1.743596e-02","1.701376e-02","1.660893e-02","1.622086e-02","1.584896e-02","1.549264e-02","1.515131e-02","1.482441e-02","1.451137e-02","1.421164e-02","1.392470e-02","1.365002e-02","1.338710e-02","1.313545e-02","1.289459e-02","1.266408e-02","1.244347e-02","1.223233e-02","1.203027e-02","1.183687e-02","1.165178e-02","1.147462e-02","1.130504e-02","1.114272e-02","1.098734e-02","1.083858e-02","1.069616e-02","1.055980e-02","1.042923e-02","1.030420e-02","1.018445e-02","1.006976e-02","9.959910e-03","9.854678e-03","9.753865e-03","9.657276e-03","9.564727e-03","9.476040e-03","9.391048e-03","9.309589e-03","9.231509e-03","9.156663e-03","9.084909e-03","9.016115e-03","8.950152e-03","8.886900e-03","8.826241e-03","8.768065e-03","8.712266e-03","8.658743e-03","8.607399e-03","8.558142e-03"
"TORC1","8.726150e-01","8.728680e-01","8.731298e-01","8.734007e-01","8.736808e-01","8.739706e-01","8.742701e-01","8.745798e-01","8.748999e-01","8.752306e-01","8.755723e-01","8.759252e-01","8.762896e-01","8.766658e-01","8.770540e-01","8.774546e-01","8.778679e-01","8.782941e-01","8.787334e-01","8.791863e-01","8.796529e-01","8.801336e-01","8.806286e-01","8.811381e-01","8.816625e-01","8.822019e-01","8.827567e-01","8.833270e-01","8.839132e-01","8.845153e-01","8.851337e-01","8.857685e-01","8.864198e-01","8.870880e-01","8.877731e-01","8.884753e-01","8.891947e-01","8.899314e-01","8.906855e-01","8.914571e-01","8.922462e-01","8.930529e-01","8.938772e-01","8.947191e-01","8.955785e-01","8.964554e-01","8.973497e-01","8.982614e-01","8.991902e-01","9.001361e-01","9.010989e-01","9.020783e-01","9.030741e-01","9.040861e-01","9.051140e-01","9.061575e-01","9.072162e-01","9.082898e-01","9.093778e-01","9.104799e-01","9.115956e-01","9.127245e-01","9.138659e-01","9.150195e-01","9.161845e-01","9.173606e-01","9.185469e-01","9.197430e-01","9.209481e-01","9.221615e-01","9.233826e-01","9.246106e-01","9.258447e-01","9.270842e-01","9.283282e-01","9.295759e-01","9.308265e-01","9.320791e-01","9.333329e-01","9.345868e-01","9.358400e-01","9.370916e-01","9.383405e-01","9.395859e-01","9.408267e-01","9.420620e-01","9.432908e-01","9.445121e-01","9.457249e-01","9.469281e-01","9.481209e-01","9.493022e-01","9.504711e-01","9.516266e-01","9.527678e-01","9.538937e-01","9.550035e-01","9.560964e-01","9.571715e-01","9.582281e-01","9.592654e-01","9.602827e-01","9.612795e-01","9.622552e-01","9.632091e-01","9.641410e-01","9.650504e-01","9.659370e-01","9.668005e-01","9.676407e-01","9.684576e-01","9.692509e-01","9.700209e-01","9.707674e-01","9.714906e-01","9.721907e-01","9.728679e-01","9.735225e-01","9.741548e-01","9.747652e-01","9.753539e-01","9.759216e-01","9.764686e-01","9.769954e-01","9.775025e-01","9.779904e-01","9.784597e-01","9.789108e-01","9.793444e-01","9.797610e-01","9.801610e-01","9.805452e-01","9.809139e-01","9.812678e-01","9.816074e-01","9.819332e-01","9.822457e-01","9.825454e-01","9.828328e-01","9.831084e-01","9.833727e-01","9.836260e-01","9.838689e-01","9.841018e-01","9.843249e-01","9.845389e-01","9.847440e-01","9.849406e-01","9.851290e-01","9.853097e-01","9.854828e-01","9.856488e-01","9.858080e-01","9.859606e-01","9.861068e-01","9.862471e-01","9.863815e-01","9.865105e-01","9.866341e-01","9.867527e-01","9.868664e-01","9.869754e-01","9.870800e-01","9.871803e-01","9.872766e-01","9.873689e-01","9.874575e-01","9.875424e-01","9.876239e-01","9.877022e-01","9.877772e-01","9.878493e-01","9.879184e-01","9.879847e-01","9.880484e-01","9.881095e-01","9.881682e-01","9.882245e-01"
"TORC1a","1.273850e-01","1.271320e-01","1.268702e-01","1.265993e-01","1.263192e-01","1.260294e-01","1.257299e-01","1.254202e-01","1.251001e-01","1.247694e-01","1.244277e-01","1.240748e-01","1.237104e-01","1.233342e-01","1.229460e-01","1.225454e-01","1.221321e-01","1.217059e-01","1.212666e-01","1.208137e-01","1.203471e-01","1.198664e-01","1.193714e-01","1.188619e-01","1.183375e-01","1.177981e-01","1.172433e-01","1.166730e-01","1.160868e-01","1.154847e-01","1.148663e-01","1.142315e-01","1.135802e-01","1.129120e-01","1.122269e-01","1.115247e-01","1.108053e-01","1.100686e-01","1.093145e-01","1.085429e-01","1.077538e-01","1.069471e-01","1.061228e-01","1.052809e-01","1.044215e-01","1.035446e-01","1.026503e-01","1.017386e-01","1.008098e-01","9.986388e-02","9.890113e-02","9.792173e-02","9.692589e-02","9.591389e-02","9.488599e-02","9.384252e-02","9.278382e-02","9.171024e-02","9.062219e-02","8.952009e-02","8.840438e-02","8.727554e-02","8.613409e-02","8.498054e-02","8.381546e-02","8.263943e-02","8.145306e-02","8.025700e-02","7.905190e-02","7.783845e-02","7.661737e-02","7.538939e-02","7.415528e-02","7.291581e-02","7.167179e-02","7.042406e-02","6.917346e-02","6.792085e-02","6.666713e-02","6.541321e-02","6.416000e-02","6.290844e-02","6.165949e-02","6.041411e-02","5.917328e-02","5.793797e-02","5.670918e-02","5.548791e-02","5.427514e-02","5.307187e-02","5.187909e-02","5.069777e-02","4.952890e-02","4.837340e-02","4.723223e-02","4.610629e-02","4.499646e-02","4.390358e-02","4.282848e-02","4.177191e-02","4.073461e-02","3.971726e-02","3.872048e-02","3.774484e-02","3.679086e-02","3.585897e-02","3.494958e-02","3.406301e-02","3.319951e-02","3.235927e-02","3.154244e-02","3.074906e-02","2.997914e-02","2.923263e-02","2.850941e-02","2.780930e-02","2.713209e-02","2.647749e-02","2.584520e-02","2.523485e-02","2.464606e-02","2.407839e-02","2.353140e-02","2.300460e-02","2.249750e-02","2.200958e-02","2.154032e-02","2.108917e-02","2.065560e-02","2.023905e-02","1.983898e-02","1.945484e-02","1.908608e-02","1.873218e-02","1.839259e-02","1.806681e-02","1.775430e-02","1.745458e-02","1.716716e-02","1.689156e-02","1.662730e-02","1.637396e-02","1.613108e-02","1.589825e-02","1.567506e-02","1.546110e-02","1.525602e-02","1.505942e-02","1.487098e-02","1.469033e-02","1.451716e-02","1.435116e-02","1.419202e-02","1.403945e-02","1.389317e-02","1.375293e-02","1.361847e-02","1.348953e-02","1.336589e-02","1.324733e-02","1.313363e-02","1.302458e-02","1.291998e-02","1.281966e-02","1.272343e-02","1.263111e-02","1.254255e-02","1.245758e-02","1.237606e-02","1.229783e-02","1.222277e-02","1.215074e-02","1.208162e-02","1.201528e-02","1.195160e-02","1.189049e-02","1.183182e-02","1.177550e-02"
"TORC2","9.983965e-01","9.984014e-01","9.984064e-01","9.984116e-01","9.984169e-01","9.984224e-01","9.984281e-01","9.984339e-01","9.984399e-01","9.984461e-01","9.984525e-01","9.984590e-01","9.984658e-01","9.984727e-01","9.984798e-01","9.984871e-01","9.984946e-01","9.985023e-01","9.985103e-01","9.985184e-01","9.985267e-01","9.985352e-01","9.985439e-01","9.985529e-01","9.985620e-01","9.985714e-01","9.985809e-01","9.985907e-01","9.986007e-01","9.986109e-01","9.986213e-01","9.986319e-01","9.986427e-01","9.986538e-01","9.986650e-01","9.986764e-01","9.986880e-01","9.986999e-01","9.987119e-01","9.987241e-01","9.987365e-01","9.987490e-01","9.987618e-01","9.987747e-01","9.987878e-01","9.988010e-01","9.988144e-01","9.988280e-01","9.988416e-01","9.988555e-01","9.988694e-01","9.988835e-01","9.988977e-01","9.989120e-01","9.989265e-01","9.989410e-01","9.989556e-01","9.989703e-01","9.989851e-01","9.989999e-01","9.990148e-01","9.990298e-01","9.990448e-01","9.990598e-01","9.990749e-01","9.990900e-01","9.991051e-01","9.991202e-01","9.991354e-01","9.991505e-01","9.991656e-01","9.991807e-01","9.991958e-01","9.992108e-01","9.992258e-01","9.992408e-01","9.992557e-01","9.992706e-01","9.992854e-01","9.993001e-01","9.993148e-01","9.993293e-01","9.993438e-01","9.993582e-01","9.993725e-01","9.993867e-01","9.994008e-01","9.994147e-01","9.994286e-01","9.994423e-01","9.994558e-01","9.994693e-01","9.994826e-01","9.994957e-01","9.995087e-01","9.995216e-01","9.995342e-01","9.995467e-01","9.995590e-01","9.995712e-01","9.995831e-01","9.995949e-01","9.996065e-01","9.996179e-01","9.996290e-01","9.996400e-01","9.996508e-01","9.996613e-01","9.996717e-01","9.996818e-01","9.996917e-01","9.997014e-01","9.997109e-01","9.997201e-01","9.997292e-01","9.997380e-01","9.997466e-01","9.997550e-01","9.997631e-01","9.997710e-01","9.997788e-01","9.997863e-01","9.997936e-01","9.998006e-01","9.998075e-01","9.998142e-01","9.998207e-01","9.998270e-01","9.998330e-01","9.998389e-01","9.998446e-01","9.998502e-01","9.998555e-01","9.998607e-01","9.998657e-01","9.998706e-01","9.998752e-01","9.998798e-01","9.998842e-01","9.998884e-01","9.998925e-01","9.998964e-01","9.999002e-01","9.999039e-01","9.999074e-01","9.999108e-01","9.999141e-01","9.999173e-01","9.999204e-01","9.999234e-01","9.999262e-01","9.999290e-01","9.999316e-01","9.999342e-01","9.999366e-01","9.999390e-01","9.999413e-01","9.999435e-01","9.999456e-01","9.999477e-01","9.999497e-01","9.999516e-01","9.999534e-01","9.999551e-01","9.999568e-01","9.999585e-01","9.999600e-01","9.999616e-01","9.999630e-01","9.999644e-01","9.999658e-01","9.999671e-01","9.999683e-01","9.999695e-01","9.999707e-01","9.999718e-01","9.999729e-01","9.999739e-01"
"TORC2a","1.603463e-03","1.598601e-03","1.593586e-03","1.588413e-03","1.583079e-03","1.577581e-03","1.571916e-03","1.566080e-03","1.560070e-03","1.553882e-03","1.547515e-03","1.540964e-03","1.534227e-03","1.527301e-03","1.520183e-03","1.512871e-03","1.505363e-03","1.497655e-03","1.489747e-03","1.481636e-03","1.473320e-03","1.464798e-03","1.456069e-03","1.447131e-03","1.437984e-03","1.428627e-03","1.419060e-03","1.409283e-03","1.399296e-03","1.389099e-03","1.378693e-03","1.368080e-03","1.357260e-03","1.346235e-03","1.335007e-03","1.323580e-03","1.311954e-03","1.300133e-03","1.288120e-03","1.275919e-03","1.263533e-03","1.250967e-03","1.238225e-03","1.225312e-03","1.212232e-03","1.198991e-03","1.185594e-03","1.172047e-03","1.158356e-03","1.144526e-03","1.130565e-03","1.116478e-03","1.102273e-03","1.087956e-03","1.073534e-03","1.059013e-03","1.044402e-03","1.029708e-03","1.014937e-03","1.000096e-03","9.851945e-04","9.702382e-04","9.552348e-04","9.401918e-04","9.251165e-04","9.100160e-04","8.948976e-04","8.797686e-04","8.646360e-04","8.495068e-04","8.343881e-04","8.192865e-04","8.042091e-04","7.891624e-04","7.741530e-04","7.591875e-04","7.442723e-04","7.294137e-04","7.146180e-04","6.998914e-04","6.852399e-04","6.706695e-04","6.561864e-04","6.417962e-04","6.275049e-04","6.133183e-04","5.992421e-04","5.852820e-04","5.714436e-04","5.577326e-04","5.441544e-04","5.307147e-04","5.174188e-04","5.042721e-04","4.912801e-04","4.784478e-04","4.657805e-04","4.532832e-04","4.409608e-04","4.288181e-04","4.168598e-04","4.050902e-04","3.935136e-04","3.821341e-04","3.709553e-04","3.599807e-04","3.492137e-04","3.386569e-04","3.283131e-04","3.181845e-04","3.082729e-04","2.985798e-04","2.891064e-04","2.798534e-04","2.708214e-04","2.620101e-04","2.534195e-04","2.450486e-04","2.368966e-04","2.289620e-04","2.212430e-04","2.137378e-04","2.064441e-04","1.993592e-04","1.924803e-04","1.858046e-04","1.793287e-04","1.730493e-04","1.669628e-04","1.610654e-04","1.553535e-04","1.498230e-04","1.444700e-04","1.392904e-04","1.342800e-04","1.294349e-04","1.247506e-04","1.202232e-04","1.158483e-04","1.116220e-04","1.075399e-04","1.035981e-04","9.979249e-05","9.611903e-05","9.257381e-05","8.915292e-05","8.585256e-05","8.266896e-05","7.959845e-05","7.663744e-05","7.378238e-05","7.102985e-05","6.837648e-05","6.581899e-05","6.335418e-05","6.097894e-05","5.869024e-05","5.648513e-05","5.436076e-05","5.231433e-05","5.034315e-05","4.844460e-05","4.661613e-05","4.485528e-05","4.315966e-05","4.152697e-05","3.995495e-05","3.844144e-05","3.698435e-05","3.558165e-05","3.423136e-05","3.293160e-05","3.168054e-05","3.047639e-05","2.931745e-05","2.820207e-05","2.712865e-05","2.609564e-05"
"S6K","7.114811e-01","7.115402e-01","7.116014e-01","7.116648e-01","7.117303e-01","7.117981e-01","7.118682e-01","7.119407e-01","7.120156e-01","7.120930e-01","7.121730e-01","7.122557e-01","7.123411e-01","7.124293e-01","7.125203e-01","7.126142e-01","7.127111e-01","7.128111e-01","7.129143e-01","7.130206e-01","7.131302e-01","7.132431e-01","7.133594e-01","7.134792e-01","7.136025e-01","7.137294e-01","7.138599e-01","7.139942e-01","7.141322e-01","7.142741e-01","7.144198e-01","7.145695e-01","7.147232e-01","7.148809e-01","7.150426e-01","7.152085e-01","7.153786e-01","7.155528e-01","7.157312e-01","7.159138e-01","7.161007e-01","7.162919e-01","7.164873e-01","7.166870e-01","7.168910e-01","7.170993e-01","7.173119e-01","7.175287e-01","7.177497e-01","7.179749e-01","7.182043e-01","7.184378e-01","7.186754e-01","7.189170e-01","7.191626e-01","7.194121e-01","7.196654e-01","7.199225e-01","7.201832e-01","7.204475e-01","7.207152e-01","7.209863e-01","7.212607e-01","7.215382e-01","7.218186e-01","7.221020e-01","7.223881e-01","7.226767e-01","7.229678e-01","7.232611e-01","7.235565e-01","7.238539e-01","7.241529e-01","7.244536e-01","7.247556e-01","7.250587e-01","7.253628e-01","7.256677e-01","7.259731e-01","7.262788e-01","7.265846e-01","7.268903e-01","7.271956e-01","7.275003e-01","7.278041e-01","7.281068e-01","7.284082e-01","7.287080e-01","7.290060e-01","7.293019e-01","7.295954e-01","7.298863e-01","7.301744e-01","7.304595e-01","7.307412e-01","7.310194e-01","7.312938e-01","7.315642e-01","7.318304e-01","7.320923e-01","7.323495e-01","7.326019e-01","7.328494e-01","7.330919e-01","7.333290e-01","7.335609e-01","7.337873e-01","7.340081e-01","7.342233e-01","7.344329e-01","7.346367e-01","7.348348e-01","7.350271e-01","7.352136e-01","7.353944e-01","7.355696e-01","7.357390e-01","7.359029e-01","7.360613e-01","7.362142e-01","7.363618e-01","7.365042e-01","7.366414e-01","7.367736e-01","7.369009e-01","7.370234e-01","7.371413e-01","7.372546e-01","7.373636e-01","7.374683e-01","7.375690e-01","7.376656e-01","7.377584e-01","7.378474e-01","7.379329e-01","7.380149e-01","7.380936e-01","7.381691e-01","7.382415e-01","7.383110e-01","7.383776e-01","7.384414e-01","7.385027e-01","7.385614e-01","7.386177e-01","7.386716e-01","7.387234e-01","7.387730e-01","7.388205e-01","7.388661e-01","7.389098e-01","7.389517e-01","7.389919e-01","7.390304e-01","7.390674e-01","7.391028e-01","7.391367e-01","7.391693e-01","7.392005e-01","7.392305e-01","7.392592e-01","7.392868e-01","7.393132e-01","7.393385e-01","7.393628e-01","7.393862e-01","7.394086e-01","7.394300e-01","7.394506e-01","7.394704e-01","7.394894e-01","7.395076e-01","7.395251e-01","7.395419e-01","7.395580e-01","7.395734e-01","7.395882e-01","7.396025e-01"
"S6KT389","3.112635e-02","3.106720e-02","3.100599e-02","3.094265e-02","3.087712e-02","3.080934e-02","3.073924e-02","3.066676e-02","3.059184e-02","3.051440e-02","3.043438e-02","3.035171e-02","3.026633e-02","3.017817e-02","3.008715e-02","2.999321e-02","2.989627e-02","2.979628e-02","2.969316e-02","2.958685e-02","2.947727e-02","2.936435e-02","2.924804e-02","2.912826e-02","2.900496e-02","2.887806e-02","2.874751e-02","2.861324e-02","2.847520e-02","2.833334e-02","2.818759e-02","2.803790e-02","2.788423e-02","2.772654e-02","2.756477e-02","2.739889e-02","2.722887e-02","2.705466e-02","2.687625e-02","2.669360e-02","2.650671e-02","2.631555e-02","2.612011e-02","2.592039e-02","2.571638e-02","2.550810e-02","2.529555e-02","2.507876e-02","2.485773e-02","2.463251e-02","2.440312e-02","2.416960e-02","2.393201e-02","2.369039e-02","2.344480e-02","2.319532e-02","2.294201e-02","2.268495e-02","2.242424e-02","2.215995e-02","2.189220e-02","2.162109e-02","2.134674e-02","2.106925e-02","2.078877e-02","2.050543e-02","2.021936e-02","1.993071e-02","1.963965e-02","1.934632e-02","1.905090e-02","1.875356e-02","1.845448e-02","1.815385e-02","1.785185e-02","1.754869e-02","1.724458e-02","1.693971e-02","1.663431e-02","1.632859e-02","1.602278e-02","1.571712e-02","1.541182e-02","1.510714e-02","1.480331e-02","1.450058e-02","1.419919e-02","1.389939e-02","1.360143e-02","1.330556e-02","1.301203e-02","1.272108e-02","1.243297e-02","1.214793e-02","1.186620e-02","1.158802e-02","1.131361e-02","1.104320e-02","1.077698e-02","1.051517e-02","1.025795e-02","1.000550e-02","9.757987e-03","9.515565e-03","9.278371e-03","9.046526e-03","8.820138e-03","8.599298e-03","8.384081e-03","8.174545e-03","7.970731e-03","7.772665e-03","7.580358e-03","7.393803e-03","7.212980e-03","7.037855e-03","6.868379e-03","6.704492e-03","6.546122e-03","6.393186e-03","6.245593e-03","6.103243e-03","5.966026e-03","5.833828e-03","5.706531e-03","5.584009e-03","5.466134e-03","5.352775e-03","5.243800e-03","5.139076e-03","5.038466e-03","4.941838e-03","4.849057e-03","4.759992e-03","4.674510e-03","4.592483e-03","4.513785e-03","4.438290e-03","4.365878e-03","4.296431e-03","4.229833e-03","4.165972e-03","4.104740e-03","4.046031e-03","3.989743e-03","3.935779e-03","3.884043e-03","3.834443e-03","3.786892e-03","3.741304e-03","3.697598e-03","3.655695e-03","3.615520e-03","3.577000e-03","3.540066e-03","3.504652e-03","3.470692e-03","3.438127e-03","3.406897e-03","3.376946e-03","3.348220e-03","3.320668e-03","3.294240e-03","3.268890e-03","3.244571e-03","3.221240e-03","3.198857e-03","3.177381e-03","3.156775e-03","3.137001e-03","3.118026e-03","3.099817e-03","3.082340e-03","3.065567e-03","3.049467e-03","3.034013e-03","3.019179e-03","3.004938e-03"
"S6","7.494252e-01","7.497822e-01","7.501520e-01","7.505351e-01","7.509318e-01","7.513426e-01","7.517679e-01","7.522082e-01","7.526638e-01","7.531354e-01","7.536232e-01","7.541279e-01","7.546499e-01","7.551896e-01","7.557476e-01","7.563244e-01","7.569205e-01","7.575364e-01","7.581726e-01","7.588296e-01","7.595080e-01","7.602084e-01","7.609311e-01","7.616768e-01","7.624460e-01","7.632393e-01","7.640571e-01","7.649000e-01","7.657685e-01","7.666632e-01","7.675845e-01","7.685331e-01","7.695093e-01","7.705136e-01","7.715467e-01","7.726088e-01","7.737006e-01","7.748224e-01","7.759747e-01","7.771579e-01","7.783723e-01","7.796184e-01","7.808965e-01","7.822070e-01","7.835501e-01","7.849261e-01","7.863353e-01","7.877779e-01","7.892541e-01","7.907640e-01","7.923078e-01","7.938856e-01","7.954974e-01","7.971433e-01","7.988231e-01","8.005369e-01","8.022845e-01","8.040658e-01","8.058805e-01","8.077285e-01","8.096093e-01","8.115227e-01","8.134682e-01","8.154454e-01","8.174538e-01","8.194927e-01","8.215616e-01","8.236598e-01","8.257864e-01","8.279406e-01","8.301217e-01","8.323285e-01","8.345601e-01","8.368154e-01","8.390933e-01","8.413924e-01","8.437115e-01","8.460491e-01","8.484039e-01","8.507743e-01","8.531587e-01","8.555553e-01","8.579625e-01","8.603785e-01","8.628012e-01","8.652288e-01","8.676593e-01","8.700905e-01","8.725204e-01","8.749466e-01","8.773671e-01","8.797795e-01","8.821815e-01","8.845708e-01","8.869452e-01","8.893021e-01","8.916395e-01","8.939548e-01","8.962460e-01","8.985108e-01","9.007470e-01","9.029525e-01","9.051255e-01","9.072639e-01","9.093660e-01","9.114302e-01","9.134548e-01","9.154385e-01","9.173800e-01","9.192782e-01","9.211320e-01","9.229408e-01","9.247038e-01","9.264205e-01","9.280906e-01","9.297138e-01","9.312900e-01","9.328194e-01","9.343020e-01","9.357383e-01","9.371285e-01","9.384733e-01","9.397733e-01","9.410291e-01","9.422416e-01","9.434115e-01","9.445398e-01","9.456274e-01","9.466753e-01","9.476846e-01","9.486562e-01","9.495912e-01","9.504908e-01","9.513559e-01","9.521877e-01","9.529872e-01","9.537556e-01","9.544939e-01","9.552030e-01","9.558842e-01","9.565383e-01","9.571663e-01","9.577693e-01","9.583482e-01","9.589038e-01","9.594371e-01","9.599490e-01","9.604402e-01","9.609116e-01","9.613640e-01","9.617981e-01","9.622146e-01","9.626144e-01","9.629979e-01","9.633660e-01","9.637192e-01","9.640581e-01","9.643833e-01","9.646954e-01","9.649949e-01","9.652824e-01","9.655582e-01","9.658229e-01","9.660770e-01","9.663209e-01","9.665550e-01","9.667796e-01","9.669953e-01","9.672023e-01","9.674011e-01","9.675919e-01","9.677750e-01","9.679509e-01","9.681197e-01","9.682818e-01","9.684375e-01","9.685870e-01","9.687305e-01"
"S6S235","2.505748e-01","2.502178e-01","2.498480e-01","2.494649e-01","2.490682e-01","2.486574e-01","2.482321e-01","2.477918e-01","2.473362e-01","2.468646e-01","2.463768e-01","2.458721e-01","2.453501e-01","2.448104e-01","2.442524e-01","2.436756e-01","2.430795e-01","2.424636e-01","2.418274e-01","2.411704e-01","2.404920e-01","2.397916e-01","2.390689e-01","2.383232e-01","2.375540e-01","2.367607e-01","2.359429e-01","2.351000e-01","2.342315e-01","2.333368e-01","2.324155e-01","2.314669e-01","2.304907e-01","2.294864e-01","2.284533e-01","2.273912e-01","2.262994e-01","2.251776e-01","2.240253e-01","2.228421e-01","2.216277e-01","2.203816e-01","2.191035e-01","2.177930e-01","2.164499e-01","2.150739e-01","2.136647e-01","2.122221e-01","2.107459e-01","2.092360e-01","2.076922e-01","2.061144e-01","2.045026e-01","2.028567e-01","2.011769e-01","1.994631e-01","1.977155e-01","1.959342e-01","1.941195e-01","1.922715e-01","1.903907e-01","1.884773e-01","1.865318e-01","1.845546e-01","1.825462e-01","1.805073e-01","1.784384e-01","1.763402e-01","1.742136e-01","1.720594e-01","1.698783e-01","1.676715e-01","1.654399e-01","1.631846e-01","1.609067e-01","1.586076e-01","1.562885e-01","1.539509e-01","1.515961e-01","1.492257e-01","1.468413e-01","1.444447e-01","1.420375e-01","1.396215e-01","1.371988e-01","1.347712e-01","1.323407e-01","1.299095e-01","1.274796e-01","1.250534e-01","1.226329e-01","1.202205e-01","1.178185e-01","1.154292e-01","1.130548e-01","1.106979e-01","1.083605e-01","1.060452e-01","1.037540e-01","1.014892e-01","9.925304e-02","9.704746e-02","9.487452e-02","9.273609e-02","9.063397e-02","8.856983e-02","8.654521e-02","8.456152e-02","8.262002e-02","8.072185e-02","7.886797e-02","7.705919e-02","7.529619e-02","7.357948e-02","7.190942e-02","7.028623e-02","6.870999e-02","6.718064e-02","6.569799e-02","6.426174e-02","6.287148e-02","6.152666e-02","6.022670e-02","5.897088e-02","5.775842e-02","5.658850e-02","5.546020e-02","5.437259e-02","5.332467e-02","5.231543e-02","5.134383e-02","5.040879e-02","4.950925e-02","4.864412e-02","4.781232e-02","4.701277e-02","4.624440e-02","4.550615e-02","4.479697e-02","4.411583e-02","4.346172e-02","4.283366e-02","4.223067e-02","4.165182e-02","4.109618e-02","4.056287e-02","4.005103e-02","3.955981e-02","3.908840e-02","3.863603e-02","3.820192e-02","3.778536e-02","3.738564e-02","3.700207e-02","3.663401e-02","3.628082e-02","3.594190e-02","3.561668e-02","3.530458e-02","3.500507e-02","3.471764e-02","3.444180e-02","3.417706e-02","3.392298e-02","3.367911e-02","3.344504e-02","3.322036e-02","3.300469e-02","3.279767e-02","3.259893e-02","3.240814e-02","3.222497e-02","3.204911e-02","3.188027e-02","3.171815e-02","3.156249e-02","3.141301e-02","3.126948e-02"
"r","1.000000e+00","1.000000e+00","1.000000e+00","1.000000e+00","1.000000e+00","1.000000e+00","1.000000e+00","1.000000e+00","1.000000e+00","1.000000e+00","1.000000e+00","1.000000e+00","1.000000e+00","1.000000e+00","1.000000e+00","1.000000e+00","1.000000e+00","1.000000e+00","1.000000e+00","1.000000e+00","1.000000e+00","1.000000e+00","1.000000e+00","1.000000e+00","1.000000e+00","1.000000e+00","1.000000e+00","1.000000e+00","1.000000e+00","1.000000e+00","1.000000e+00","1.000000e+00","1.000000e+00","1.000000e+00","1.000000e+00","1.000000e+00","1.000000e+00","1.000000e+00","1.000000e+00","1.000000e+00","1.000000e+00","1.000000e+00","1.000000e+00","1.000000e+00","1.000000e+00","1.000000e+00","1.000000e+00","1.000000e+00","1.000000e+00","1.000000e+00","1.000000e+00","1.000000e+00","1.000000e+00","1.000000e+00","1.000000e+00","1.000000e+00","1.000000e+00","1.000000e+00","1.000000e+00","1.000000e+00","1.000000e+00","1.000000e+00","1.000000e+00","1.000000e+00","1.000000e+00","1.000000e+00","1.000000e+00","1.000000e+00","1.000000e+00","1.000000e+00","1.000000e+00","1.000000e+00","1.000000e+00","1.000000e+00","1.000000e+00","1.000000e+00","1.000000e+00","1.000000e+00","1.000000e+00","1.000000e+00","1.000000e+00","1.000000e+00","1.000000e+00","1.000000e+00","1.000000e+00","1.000000e+00","1.000000e+00","1.000000e+00","1.000000e+00","1.000000e+00","1.000000e+00","1.000000e+00","1.000000e+00","1.000000e+00","1.000000e+00","1.000000e+00","1.000000e+00","1.000000e+00","1.000000e+00","1.000000e+00","1.000000e+00","1.000000e+00","1.000000e+00","1.000000e+00","1.000000e+00","1.000000e+00","1.000000e+00","1.000000e+00","1.000000e+00","1.000000e+00","1.000000e+00","1.000000e+00","1.000000e+00","1.000000e+00","1.000000e+00","1.000000e+00","1.000000e+00","1.000000e+00","1.000000e+00","1.000000e+00","1.000000e+00","1.000000e+00","1.000000e+00","1.000000e+00","1.000000e+00","1.000000e+00","1.000000e+00","1.000000e+00","1.000000e+00","1.000000e+00","1.000000e+00","1.000000e+00","1.000000e+00","1.000000e+00","1.000000e+00","1.000000e+00","1.000000e+00","1.000000e+00","1.000000e+00","1.000000e+00","1.000000e+00","1.000000e+00","1.000000e+00","1.000000e+00","1.000000e+00","1.000000e+00","1.000000e+00","1.000000e+00","1.000000e+00","1.000000e+00","1.000000e+00","1.000000e+00","1.000000e+00","1.000000e+00","1.000000e+00","1.000000e+00","1.000000e+00","1.000000e+00","1.000000e+00","1.000000e+00","1.000000e+00","1.000000e+00","1.000000e+00","1.000000e+00","1.000000e+00","1.000000e+00","1.000000e+00","1.000000e+00","1.000000e+00","1.000000e+00","1.000000e+00","1.000000e+00","1.000000e+00","1.000000e+00","1.000000e+00","1.000000e+00","1.000000e+00","1.000000e+00"
"c1","0.000000e+00","0.000000e+00","0.000000e+00","0.000000e+00","0.000000e+00","0.000000e+00","0.000000e+00","0.000000e+00","0.000000e+00","0.000000e+00","0.000000e+00","0.000000e+00","0.000000e+00","0.000000e+00","0.000000e+00","0.000000e+00","0.000000e+00","0.000000e+00","0.000000e+00","0.000000e+00","0.000000e+00","0.000000e+00","0.000000e+00","0.000000e+00","0.000000e+00","0.000000e+00","0.000000e+00","0.000000e+00","0.000000e+00","0.000000e+00","0.000000e+00","0.000000e+00","0.000000e+00","0.000000e+00","0.000000e+00","0.000000e+00","0.000000e+00","0.000000e+00","0.000000e+00","0.000000e+00","0.000000e+00","0.000000e+00","0.000000e+00","0.000000e+00","0.000000e+00","0.000000e+00","0.000000e+00","0.000000e+00","0.000000e+00","0.000000e+00","0.000000e+00","0.000000e+00","0.000000e+00","0.000000e+00","0.000000e+00","0.000000e+00","0.000000e+00","0.000000e+00","0.000000e+00","0.000000e+00","0.000000e+00","0.000000e+00","0.000000e+00","0.000000e+00","0.000000e+00","0.000000e+00","0.000000e+00","0.000000e+00","0.000000e+00","0.000000e+00","0.000000e+00","0.000000e+00","0.000000e+00","0.000000e+00","0.000000e+00","0.000000e+00","0.000000e+00","0.000000e+00","0.000000e+00","0.000000e+00","0.000000e+00","0.000000e+00","0.000000e+00","0.000000e+00","0.000000e+00","0.000000e+00","0.000000e+00","0.000000e+00","0.000000e+00","0.000000e+00","0.000000e+00","0.000000e+00","0.000000e+00","0.000000e+00","0.000000e+00","0.000000e+00","0.000000e+00","0.000000e+00","0.000000e+00","0.000000e+00","0.000000e+00","0.000000e+00","0.000000e+00","0.000000e+00","0.000000e+00","0.000000e+00","0.000000e+00","0.000000e+00","0.000000e+00","0.000000e+00","0.000000e+00","0.000000e+00","0.000000e+00","0.000000e+00","0.000000e+00","0.000000e+00","0.000000e+00","0.000000e+00","0.000000e+00","0.000000e+00","0.000000e+00","0.000000e+00","0.000000e+00","0.000000e+00","0.000000e+00","0.000000e+00","0.000000e+00","0.000000e+00","0.000000e+00","0.000000e+00","0.000000e+00","0.000000e+00","0.000000e+00","0.000000e+00","0.000000e+00","0.000000e+00","0.000000e+00","0.000000e+00","0.000000e+00","0.000000e+00","0.000000e+00","0.000000e+00","0.000000e+00","0.000000e+00","0.000000e+00","0.000000e+00","0.000000e+00","0.000000e+00","0.000000e+00","0.000000e+00","0.000000e+00","0.000000e+00","0.000000e+00","0.000000e+00","0.000000e+00","0.000000e+00","0.000000e+00","0.000000e+00","0.000000e+00","0.000000e+00","0.000000e+00","0.000000e+00","0.000000e+00","0.000000e+00","0.000000e+00","0.000000e+00","0.000000e+00","0.000000e+00","0.000000e+00","0.000000e+00","0.000000e+00","0.000000e+00","0.000000e+00","0.000000e+00","0.000000e+00","0.000000e+00","0.000000e+00","0.000000e+00"
"c2","0.000000e+00","0.000000e+00","0.000000e+00","0.000000e+00","0.000000e+00","0.000000e+00","0.000000e+00","0.000000e+00","0.000000e+00","0.000000e+00","0.000000e+00","0.000000e+00","0.000000e+00","0.000000e+00","0.000000e+00","0.000000e+00","0.000000e+00","0.000000e+00","0.000000e+00","0.000000e+00","0.000000e+00","0.000000e+00","0.000000e+00","0.000000e+00","0.000000e+00","0.000000e+00","0.000000e+00","0.000000e+00","0.000000e+00","0.000000e+00","0.000000e+00","0.000000e+00","0.000000e+00","0.000000e+00","0.000000e+00","0.000000e+00","0.000000e+00","0.000000e+00","0.000000e+00","0.000000e+00","0.000000e+00","0.000000e+00","0.000000e+00","0.000000e+00","0.000000e+00","0.000000e+00","0.000000e+00","0.000000e+00","0.000000e+00","0.000000e+00","0.000000e+00","0.000000e+00","0.000000e+00","0.000000e+00","0.000000e+00","0.000000e+00","0.000000e+00","0.000000e+00","0.000000e+00","0.000000e+00","0.000000e+00","0.000000e+00","0.000000e+00","0.000000e+00","0.000000e+00","0.000000e+00","0.000000e+00","0.000000e+00","0.000000e+00","0.000000e+00","0.000000e+00","0.000000e+00","0.000000e+00","0.000000e+00","0.000000e+00","0.000000e+00","0.000000e+00","0.000000e+00","0.000000e+00","0.000000e+00","0.000000e+00","0.000000e+00","0.000000e+00","0.000000e+00","0.000000e+00","0.000000e+00","0.000000e+00","0.000000e+00","0.000000e+00","0.000000e+00","0.000000e+00","0.000000e+00","0.000000e+00","0.000000e+00","0.000000e+00","0.000000e+00","0.000000e+00","0.000000e+00","0.000000e+00","0.000000e+00","0.000000e+00","0.000000e+00","0.000000e+00","0.000000e+00","0.000000e+00","0.000000e+00","0.000000e+00","0.000000e+00","0.000000e+00","0.000000e+00","0.000000e+00","0.000000e+00","0.000000e+00","0.000000e+00","0.000000e+00","0.000000e+00","0.000000e+00","0.000000e+00","0.000000e+00","0.000000e+00","0.000000e+00","0.000000e+00","0.000000e+00","0.000000e+00","0.000000e+00","0.000000e+00","0.000000e+00","0.000000e+00","0.000000e+00","0.000000e+00","0.000000e+00","0.000000e+00","0.000000e+00","0.000000e+00","0.000000e+00","0.000000e+00","0.000000e+00","0.000000e+00","0.000000e+00","0.000000e+00","0.000000e+00","0.000000e+00","0.000000e+00","0.000000e+00","0.000000e+00","0.000000e+00","0.000000e+00","0.000000e+00","0.000000e+00","0.000000e+00","0.000000e+00","0.000000e+00","0.000000e+00","0.000000e+00","0.000000e+00","0.000000e+00","0.000000e+00","0.000000e+00","0.000000e+00","0.000000e+00","0.000000e+00","0.000000e+00","0.000000e+00","0.000000e+00","0.000000e+00","0.000000e+00","0.000000e+00","0.000000e+00","0.000000e+00","0.000000e+00","0.000000e+00","0.000000e+00","0.000000e+00","0.000000e+00","0.000000e+00","0.000000e+00","0.000000e+00","0.000000e+00"
"L","0.000000e+00","0.000000e+00","0.000000e+00","0.000000e+00","0.000000e+00","0.000000e+00","0.000000e+00","0.000000e+00","0.000000e+00","0.000000e+00","0.000000e+00","0.000000e+00","0.000000e+00","0.000000e+00","0.000000e+00","0.000000e+00","0.000000e+00","0.000000e+00","0.000000e+00","0.000000e+00","0.000000e+00","0.000000e+00","0.000000e+00","0.000000e+00","0.000000e+00","0.000000e+00","0.000000e+00","0.000000e+00","0.000000e+00","0.000000e+00","0.000000e+00","0.000000e+00","0.000000e+00","0.000000e+00","0.000000e+00","0.000000e+00","0.000000e+00","0.000000e+00","0.000000e+00","0.000000e+00","0.000000e+00","0.000000e+00","0.000000e+00","0.000000e+00","0.000000e+00","0.000000e+00","0.000000e+00","0.000000e+00","0.000000e+00","0.000000e+00","0.000000e+00","0.000000e+00","0.000000e+00","0.000000e+00","0.000000e+00","0.000000e+00","0.000000e+00","0.000000e+00","0.000000e+00","0.000000e+00","0.000000e+00","0.000000e+00","0.000000e+00","0.000000e+00","0.000000e+00","0.000000e+00","0.000000e+00","0.000000e+00","0.000000e+00","0.000000e+00","0.000000e+00","0.000000e+00","0.000000e+00","0.000000e+00","0.000000e+00","0.000000e+00","0.000000e+00","0.000000e+00","0.000000e+00","0.000000e+00","0.000000e+00","0.000000e+00","0.000000e+00","0.000000e+00","0.000000e+00","0.000000e+00","0.000000e+00","0.000000e+00","0.000000e+00","0.000000e+00","0.000000e+00","0.000000e+00","0.000000e+00","0.000000e+00","0.000000e+00","0.000000e+00","0.000000e+00","0.000000e+00","0.000000e+00","0.000000e+00","0.000000e+00","0.000000e+00","0.000000e+00","0.000000e+00","0.000000e+00","0.000000e+00","0.000000e+00","0.000000e+00","0.000000e+00","0.000000e+00","0.000000e+00","0.000000e+00","0.000000e+00","0.000000e+00","0.000000e+00","0.000000e+00","0.000000e+00","0.000000e+00","0.000000e+00","0.000000e+00","0.000000e+00","0.000000e+00","0.000000e+00","0.000000e+00","0.000000e+00","0.000000e+00","0.000000e+00","0.000000e+00","0.000000e+00","0.000000e+00","0.000000e+00","0.000000e+00","0.000000e+00","0.000000e+00","0.000000e+00","0.000000e+00","0.000000e+00","0.000000e+00","0.000000e+00","0.000000e+00","0.000000e+00","0.000000e+00","0.000000e+00","0.000000e+00","0.000000e+00","0.000000e+00","0.000000e+00","0.000000e+00","0.000000e+00","0.000000e+00","0.000000e+00","0.000000e+00","0.000000e+00","0.000000e+00","0.000000e+00","0.000000e+00","0.000000e+00","0.000000e+00","0.000000e+00","0.000000e+00","0.000000e+00","0.000000e+00","0.000000e+00","0.000000e+00","0.000000e+00","0.000000e+00","0.000000e+00","0.000000e+00","0.000000e+00","0.000000e+00","0.000000e+00","0.000000e+00","0.000000e+00","0.000000e+00","0.000000e+00","0.000000e+00","0.000000e+00","0.000000e+00"
